Player_IDs,Level,Year,Max_Sprint_Speed
337,4,1884,29.800791193901215
337,3,1883,28.361102710049902
