Player_IDs,Level,Year,Max_Sprint_Speed
337,4,1884,31.00156674750487
337,3,1883,29.925329670364537
